IDCredito;TamanoEmpresa;AntiguedadEmpresa;IngresosAnuales;UtilidadNeta;ActivoTotal;PasivoTotal;Rentabilidad;Liquidez;Endeudamiento;MontoCredito;PlazoMeses;TasaInteres;PDI;EstadoIncumplimiento;ScoreCrediticio
1;2;15;264768.8538;19434.77418;459107.0162;151065.4018;0.042331686;2.232352292;0.329041806;176151.4928;48;0.104287359;0.6;1;697.0993247
2;4;12;502222.1827;55233.96663;788488.0708;620443.7265;0.070050478;0.965542681;0.786877759;278610.3543;36;0.145018539;0.8;0;547.7745886
3;4;9;577919.2635;81775.28605;1589157.98;614499.3052;0.051458248;1.282121215;0.386682327;244945.1122;24;0.192628788;0.6;0;600.6906536
4;4;14;409281.342;55484.87841;933673.6303;728812.5758;0.059426417;2.189067697;0.780586012;359431.2863;60;0.126129335;0.6;0;598.4828457
5;1;7;12432.32278;1168.927097;18911.05152;7553.47493;0.061811851;1.922683905;0.399421202;31660.89306;36;0.211115959;0.6;0;363.7279827
6;2;48;346894.1285;51995.38976;828017.789;362142.6025;0.062795015;1.622486852;0.437360896;43805.08327;36;0.100331022;0.8;0;429.7917059
7;2;42;61928.29757;11417.38205;137050.7493;79713.8944;0.083307695;1.891032173;0.581637786;85959.68542;60;0.122379679;0.8;0;818.5694638
8;1;42;250144.8332;45205.94625;676768.8761;266163.0674;0.066796728;2.285117997;0.393285029;157909.3326;36;0.135138654;0.4;0;360.5285585
9;1;9;394511.5614;35668.52014;736232.8536;282820.5532;0.048447336;0.937528439;0.384145521;92333.17712;12;0.148652149;0.4;0;435.7818346
10;2;17;155823.3977;15856.69603;382005.2693;244618.1155;0.041509103;1.561869167;0.640352726;95791.74574;24;0.247560577;0.8;0;433.1879661
11;3;48;155719.7655;19656.47743;396107.3589;288833.3273;0.049624116;1.15191781;0.729179402;118911.3307;48;0.082819931;0.8;0;654.8450347
12;2;40;161173.5601;10802.01771;465314.5838;343713.7732;0.02321444;1.015883255;0.738669677;55724.38131;48;0.109742338;0.4;0;351.2065223
13;4;41;629939.6814;116265.7868;1783125.931;1230245.934;0.065203351;1.784063292;0.689937773;256642.6922;36;0.239057949;0.6;0;355.8093486
14;1;2;304934.7392;25504.86247;783154.3866;327847.6478;0.032566839;1.150799396;0.418624544;166255.2831;48;0.142299693;0.8;0;612.5697318
15;3;8;320938.1971;40244.22622;759133.0345;414683.1361;0.053013404;0.890485976;0.546258847;126898.0002;60;0.164862875;0.4;0;847.0027809
16;2;37;187586.7611;36579.08505;552523.6673;401411.0565;0.066203653;1.088897784;0.726504728;137017.0409;60;0.112454875;0.8;0;606.2406944
17;1;27;97450.01303;17277.93304;166145.6453;108734.9311;0.103992693;1.605639954;0.654455498;40848.01943;24;0.217591396;0.6;0;344.8767992
18;3;8;295400.1763;54206.16906;592866.0079;289194.9853;0.091430725;0.68796388;0.487791476;132569.5626;36;0.159151663;0.6;1;624.9582933
19;3;37;356038.0141;29327.97421;866716.0532;297000.825;0.033838042;0.603363442;0.342673732;106427.55;48;0.149930164;0.8;0;373.0099822
20;2;19;120747.9262;6496.553762;355478.5888;255230.0934;0.018275514;1.891948412;0.71799006;94263.17793;60;0.089892911;0.4;1;431.8830475
21;4;16;713464.1248;82298.75374;1851481.48;599617.2075;0.044450217;1.632074421;0.323858064;311342.4411;36;0.208833839;0.4;0;325.3014531
22;4;12;445074.7093;53275.91979;1101408.813;356888.9053;0.048370704;2.398291463;0.324029462;354839.8127;48;0.087701682;0.6;0;576.7249422
23;3;49;234406.8131;39882.53641;589709.5294;345972.863;0.067630816;0.757000706;0.586683521;146311.6271;60;0.172754854;0.8;1;413.6763979
24;2;35;323021.1354;34824.74488;814795.1349;383208.1615;0.042740492;1.021389056;0.470312285;35438.78189;48;0.197791361;0.4;0;529.8703174
25;3;49;138475.4784;12116.94603;328299.8824;240827.1048;0.036908164;1.623733384;0.733558304;119139.9734;48;0.152928985;0.8;0;507.7508874
26;3;19;232416.6352;44761.36894;548539.7096;337855.8133;0.081600964;1.396891044;0.615918606;93492.84728;36;0.182414957;0.4;0;362.4055311
27;4;5;532451.8316;82995.78154;1572318.5;1012596.707;0.052785604;2.173927748;0.644015005;383764.6625;12;0.097190855;0.6;1;518.1583811
28;1;8;55191.56585;9488.530418;161207.5471;127837.6706;0.058859096;2.006756371;0.793000532;29626.81128;48;0.094195122;0.6;0;798.4949118
29;1;28;359015.7719;59266.04645;981615.7278;659749.652;0.060376016;1.862078854;0.672105828;123582.0977;48;0.243569333;0.4;0;590.6035667
30;4;47;506965.2665;100858.0627;816566.3423;471099.2863;0.123514842;2.438605071;0.576927142;349175.2153;24;0.108256623;0.6;0;847.7072563
31;1;10;418980.2933;38381.60208;746699.028;397131.2825;0.051401704;1.206704456;0.531849202;59585.08573;24;0.125209447;0.4;0;549.2824658
32;2;28;135370.0501;8315.789884;394034.8359;200295.6021;0.0211042;1.662325242;0.508319529;79822.25216;12;0.151101316;0.6;0;390.6588436
33;2;11;28686.54709;5607.851612;79266.04685;57005.31525;0.070747209;1.43738632;0.719164352;167693.6187;36;0.10275486;0.8;0;593.8904513
34;2;37;135572.482;11681.29446;245056.4791;104325.7432;0.047667764;1.049463594;0.42572122;167798.5193;48;0.118869277;0.6;0;362.4566757
35;3;12;143674.1389;16246.72432;384616.0139;238339.1125;0.042241414;2.110089335;0.619680678;226962.8896;48;0.246678663;0.6;0;605.1485847
36;2;24;173675.8287;22324.35032;442259.0384;308801.1323;0.050477997;1.418693616;0.698235888;126740.4645;12;0.16365977;0.6;0;491.0773745
37;2;23;236659.8246;18289.54756;477698.0749;357506.471;0.038286835;1.447923281;0.748394205;53006.01068;60;0.245428759;0.6;0;751.9848503
38;1;6;189296.964;15323.60017;387378.2142;213719.9059;0.039557207;1.880789657;0.551708635;48237.88388;12;0.0956894;0.4;0;581.4113575
39;1;36;261416.67;20306.36406;474216.1095;230106.7525;0.042820907;1.46904597;0.485236051;137875.3855;24;0.20919242;0.6;0;438.8403194
40;3;47;83023.15662;5457.143216;216367.2968;84630.32406;0.025221664;1.627930184;0.391141939;17045.42058;12;0.115946161;0.6;0;789.7900044
41;3;47;356281.3566;47621.0435;847879.4955;493660.2608;0.056164872;1.257545252;0.582229271;127782.012;60;0.14172399;0.6;0;574.0362338
42;1;6;179376.1041;31861.25495;292711.5657;205756.4561;0.108848637;0.611306979;0.702932443;13897.52089;12;0.093639737;0.8;0;840.3082393
43;4;15;442322.8669;33454.26648;1107118.579;846600.2862;0.030217419;1.613525786;0.764687995;337769.5613;24;0.127596446;0.6;0;533.9900412
44;2;26;178652.7363;22495.16531;517739.4732;238326.4018;0.043448813;1.687766195;0.460321096;106925.3981;24;0.157225555;0.8;0;410.9517543
45;1;9;252980.4178;30543.95207;535752.1565;254179.11;0.057011347;2.359058288;0.474434133;172078.431;48;0.244054575;0.4;1;412.7509955
46;3;29;233760.2662;18757.88171;408024.7845;155919.6937;0.045972408;2.12914944;0.382132899;79406.15169;36;0.187738956;0.4;0;675.6401349
47;2;38;32635.17135;4458.713078;66348.72878;32891.78881;0.067201183;1.563714959;0.495741055;175540.1609;60;0.234100259;0.8;0;816.907668
48;3;15;198725.585;32038.36724;468937.9841;374609.3773;0.068321118;2.00480624;0.798846308;152719.7608;60;0.122243154;0.4;0;613.4393267
49;3;31;122057.3804;17160.49638;275048.0705;156758.2344;0.062390899;1.472714964;0.569930319;9825.730042;48;0.202782937;0.8;0;681.6716445
50;2;11;188802.7479;15878.81095;403168.4994;178992.6255;0.039385049;1.729900526;0.443964808;116321.1683;24;0.179659071;0.6;0;309.9606011
51;2;5;221686.1037;16156.6731;524161.8373;316256.9879;0.030823826;1.348261343;0.603357523;122105.8333;60;0.097721984;0.6;1;362.2809252
52;3;40;41659.3279;6733.707437;75335.46681;52274.89955;0.089382966;1.707443063;0.693894944;170774.1401;36;0.147688678;0.6;0;556.1350673
53;2;44;180908.8509;24720.2525;316277.5124;100240.862;0.078160007;1.122946342;0.31693958;115648.7076;60;0.17870002;0.6;0;664.9455546
54;2;22;457335.9803;27468.272;1200479.831;486137.6647;0.022881077;2.296108579;0.404952797;102960.9217;60;0.186245918;0.6;0;336.1397517
55;2;49;324608.5192;23789.27192;575495.9104;420625.8234;0.041336996;2.392230924;0.730892811;3669.51162;24;0.126026594;0.6;0;313.9624956
56;2;3;272167.2064;14413.04462;450753.2225;315508.3433;0.031975467;0.857089324;0.699958043;43547.41144;12;0.174642669;0.8;0;697.2468125
57;2;21;30673.38253;1933.611762;75145.52858;50193.62914;0.025731561;2.196256191;0.667952307;54973.35574;60;0.228995493;0.6;0;487.9995434
58;2;20;71957.06475;9556.407448;155009.1745;69325.19949;0.061650592;2.396906614;0.44723288;187739.7091;48;0.10381924;0.6;0;792.0037248
59;2;40;120569.7425;9971.535613;297515.6361;151986.448;0.033516005;0.764552422;0.510851967;181038.4012;60;0.109185479;0.4;0;802.8643436
60;1;37;302915.5637;24525.01057;459369.5571;169251.4127;0.053388411;2.300037284;0.368442815;123629.8741;36;0.181560227;0.4;0;615.311908
61;2;46;165198.6914;23205.92545;308595.0648;152645.8721;0.075198628;1.077387474;0.494647807;109927.9181;48;0.202237804;0.8;0;566.0652181
62;1;43;237458.5109;28764.67832;478853.0387;227823.9488;0.06006995;1.325587101;0.475770081;47558.5833;60;0.197028407;0.4;1;750.5062747
63;4;12;427286.2824;80157.64024;728620.5099;564767.3656;0.110012879;1.392011546;0.775118677;287624.0682;48;0.172123161;0.8;0;680.7521105
64;4;15;471668.4684;70980.26509;738749.8692;438914.8475;0.096081594;2.498706999;0.594131878;306102.6967;24;0.176550689;0.8;0;683.581147
65;1;23;265688.3366;15471.66742;579922.0578;325462.2846;0.026678874;1.789093301;0.561217288;139582.4574;36;0.175315123;0.6;0;486.9312301
66;3;29;323016.1313;41354.21014;691327.3887;510429.6098;0.059818562;1.335012168;0.738332689;141803.0526;36;0.227916809;0.8;1;511.1801395
67;1;49;149014.2423;21476.79978;418806.8631;331712.5143;0.051280917;2.036546828;0.792041735;24230.57895;12;0.137182979;0.4;0;360.7607622
68;4;37;496531.5113;53451.1192;1250996.705;511816.459;0.042726827;2.399922368;0.409126944;311710.7366;60;0.124027051;0.8;0;797.0481819
69;4;8;516645.2208;72929.90763;1172284.935;486890.853;0.062211759;0.853056064;0.415334906;324622.5632;24;0.086244429;0.8;1;331.8134721
70;2;49;162660.0732;26633.27255;413812.2567;155985.6832;0.064360763;2.13166625;0.376947953;41321.48965;60;0.118048995;0.4;0;619.0474143
71;2;28;139537.2221;24813.76886;216719.9415;100671.9788;0.114496934;2.363178977;0.464525683;98452.4676;36;0.094787749;0.6;0;697.8810625
72;1;28;148080.8829;20562.68431;405300.5526;192073.7979;0.05073441;1.856032305;0.473904604;56488.83789;36;0.22696379;0.6;0;777.4884422
73;1;43;231780.5169;18167.70579;654190.2409;510698.6123;0.027771288;1.430940018;0.780657644;68524.1726;24;0.101907877;0.4;0;749.8818633
74;1;32;175173.7099;23469.18627;293199.7621;143183.4239;0.080045039;0.518144809;0.488347681;70255.48515;60;0.212573717;0.8;0;537.7324311
75;3;29;144445.3267;23924.20737;421917.1195;161673.912;0.056703571;2.041968585;0.383188793;124589.6528;12;0.178968978;0.6;0;325.1581186
76;3;36;310366.6943;33377.40508;496102.2957;352607.9183;0.06727928;1.243667058;0.710756474;186270.8138;36;0.122926487;0.6;0;557.6966792
77;2;29;283408.5719;47024.11865;522911.6364;191211.8239;0.089927466;2.236108645;0.365667563;75264.83155;48;0.085321393;0.4;0;651.1892712
78;2;1;316348.5458;51209.09541;569597.8043;418119.7655;0.089903955;1.92984808;0.734061407;53533.39029;24;0.226940902;0.6;0;350.1404697
79;3;7;105563.1222;5793.190872;304156.0443;185025.7735;0.019046772;2.093074582;0.608325157;116162.2881;12;0.080209412;0.4;1;436.1469756
80;2;2;136539.4965;16150.30431;207189.2387;69661.87938;0.077949533;1.284987113;0.336223444;149787.6118;36;0.198146921;0.6;0;564.278821
81;4;20;618341.425;118217.9922;994679.1088;564103.5133;0.118850382;2.265066972;0.567121103;266964.6376;12;0.220167388;0.6;0;837.6065125
82;3;44;227551.0562;35491.44748;352107.7753;270456.1382;0.100797114;0.603942567;0.768106123;60072.73422;12;0.200540288;0.6;0;566.4191462
83;2;22;407526.0873;52554.72687;1058501.854;360753.2998;0.049650104;0.620704168;0.340814991;65540.6091;48;0.107122596;0.8;0;836.7258907
84;4;32;796501.0352;125751.7959;1467698.21;1171468.215;0.0856796;2.449586324;0.798166958;295168.5547;36;0.093859503;0.8;1;530.1198838
85;2;31;313125.279;45188.58782;815073.0698;557397.454;0.055441149;1.509689764;0.683861944;86262.62524;24;0.227395354;0.6;0;780.3827809
86;3;12;132751.0527;23284.49609;246079.0521;169302.4133;0.094622016;1.310620366;0.688000104;14240.97862;24;0.120382365;0.6;0;769.9118014
87;1;47;354225.5946;52918.89221;581954.4884;364339.3714;0.090933042;1.124296113;0.626061623;190224.8544;48;0.123882684;0.4;0;725.4102191
88;2;10;9515.752268;1658.904929;20423.9568;8667.051819;0.081223484;1.734289973;0.424357136;112708.6946;12;0.122929723;0.4;0;496.2026292
89;3;28;217390.8042;28475.1249;337234.3651;267543.7;0.084437198;0.745941617;0.79334649;154471.8355;60;0.239222968;0.4;1;548.7094656
90;2;42;151905.3873;23225.59855;231818.2065;106999.2467;0.100188846;2.446195496;0.461565329;22756.25129;36;0.163103919;0.8;0;469.3614679
91;3;21;227656.9153;26536.26667;637943.2543;247888.7329;0.041596594;1.885251904;0.388574895;67464.32313;24;0.14363045;0.6;0;756.9824552
92;1;46;218064.5464;41678.961;597553.1889;378541.4351;0.069749374;1.654370473;0.633485758;137587.0137;48;0.107078866;0.8;0;846.3353155
93;2;11;175584.3365;17392.50193;439204.9172;309166.4302;0.039599971;2.02457027;0.703922971;148204.3584;12;0.133923272;0.8;1;463.278101
94;2;7;1955.554898;258.6709424;4683.022485;2682.63873;0.055235896;1.388838906;0.572843444;153570.0455;24;0.17980049;0.6;0;554.9217241
95;4;6;336932.6633;40938.77456;704710.8332;405002.3328;0.058093012;1.993751432;0.574707119;308548.5486;48;0.242439028;0.4;1;304.1595812
96;4;11;378269.5144;46102.53685;677797.4953;259708.8221;0.068018158;1.734703515;0.383165804;275897.6603;60;0.128428393;0.4;0;619.5126293
97;3;13;101751.2606;7852.389234;256583.7914;100252.207;0.030603606;1.550326767;0.390719174;88768.3425;12;0.176443077;0.6;0;505.4303257
98;4;22;632526.9051;92975.69084;1114613.715;535445.1134;0.083415168;2.31178221;0.48038626;321100.658;12;0.120267995;0.6;0;533.0560395
99;3;33;85787.34567;7316.402748;240538.2324;129035.7685;0.030416798;1.570716204;0.536445983;87484.06441;60;0.189135155;0.8;0;514.9982977
100;2;3;13179.96;2091.363469;20082.72204;9449.824689;0.10413745;2.137414114;0.470545012;1293.127583;48;0.203137599;0.8;0;347.1120373
101;2;6;141343.592;18072.0459;226350.292;158485.5522;0.079841054;0.967424164;0.700178254;90123.23872;60;0.126095064;0.8;1;478.3835642
102;1;2;4888.152515;670.0251804;7983.091614;6233.46032;0.083930539;1.769920091;0.780832868;68553.55544;12;0.108981249;0.6;0;751.9935441
103;3;3;90768.72353;18051.40527;262367.1272;149543.6387;0.068802085;2.184066589;0.569978565;84179.57752;60;0.095797955;0.6;0;634.667527
104;3;33;131796.5617;14120.21295;266160.87;111661.8486;0.053051423;1.519448494;0.419527666;41275.50588;36;0.147486858;0.6;0;583.6236852
105;2;37;202612.2432;22201.60461;467953.0196;287311.4676;0.047444089;1.848607613;0.613975026;23427.14579;24;0.227569637;0.8;0;750.3042522
106;1;35;202818.1157;29641.01813;554448.1108;203073.4605;0.053460401;2.224028965;0.366262336;99544.05017;48;0.183083061;0.6;0;474.6422963
107;1;34;250775.767;28807.78643;493457.5455;272917.0243;0.058379463;1.379023377;0.553070931;102699.4209;48;0.224746268;0.8;0;657.6106008
108;2;10;192092.1252;31337.53121;466639.1473;209370.4973;0.067155813;1.360674355;0.448677524;25985.79509;12;0.104182393;0.6;1;397.7715133
109;2;37;46570.13736;6686.744087;106671.7961;54727.07875;0.062685211;0.761420753;0.513041692;145621.7625;48;0.148815733;0.8;1;527.7713639
110;2;2;176732.8091;29788.43169;419426.2517;268637.2352;0.071021858;0.879389696;0.640487414;47676.10287;60;0.116584318;0.6;1;836.7305652
111;1;35;281611.7436;35173.32797;534788.8445;200342.0028;0.065770497;0.754399525;0.374618889;34597.57392;24;0.135194908;0.8;0;516.9619532
112;4;41;529144.9923;101291.4062;1435742.438;485580.1955;0.070549845;1.058735428;0.33820843;263465.9018;24;0.086532479;0.8;0;512.4919004
113;4;19;439566.0928;24485.27193;1151360.252;724801.7351;0.021266386;2.104261116;0.629517767;296209.1302;36;0.082058441;0.4;0;554.0708152
114;3;28;92333.90655;12228.92479;253530.5961;84769.58154;0.048234513;1.348593772;0.334356416;11068.45834;48;0.23281314;0.4;0;413.1279942
115;1;41;197284.1567;36373.71194;391278.2558;141884.0632;0.09296124;1.44867222;0.362616785;128715.422;24;0.18231987;0.8;0;639.0748498
116;2;9;95519.0806;11071.68812;231099.759;178302.2271;0.047908696;0.981385424;0.771537919;1682.170531;60;0.194916987;0.6;0;845.8284703
117;4;21;475130.8874;83765.47231;1231888.964;847815.2094;0.067997583;1.812323675;0.688223723;380367.2788;36;0.134410172;0.8;1;596.7559213
118;1;27;198661.5384;14423.10903;400019.9975;202693.4227;0.03605597;2.016370022;0.506708225;126820.8366;12;0.166421293;0.6;0;678.8869161
119;4;47;520624.7546;89423.98253;1360167.622;1007510.692;0.065744825;1.055804194;0.74072539;239742.9104;36;0.148254034;0.6;0;605.2967221
120;1;48;227798.3065;11568.60989;601726.0693;191141.7022;0.019225708;1.991467565;0.317655677;172740.5322;12;0.242872492;0.8;0;847.9838857
121;3;24;154186.3013;23044.1142;231714.2303;90180.00215;0.099450578;0.558142761;0.389186292;82114.14089;48;0.110824278;0.4;0;564.5350894
122;1;4;198002.4571;27701.60205;475843.1613;148209.1591;0.058215825;1.144216008;0.311466406;66673.97594;36;0.089953658;0.6;0;733.7382306
123;1;33;191731.9314;26791.43023;499173.0618;398926.0105;0.053671627;2.366226663;0.799173756;93912.62458;60;0.109491613;0.8;0;525.4476893
124;3;16;230378.0309;45372.26373;402687.2441;261797.4391;0.112673705;1.671620292;0.65012598;31165.42297;60;0.198604007;0.4;1;442.6132174
125;2;20;180788.8947;22136.75602;307380.8871;104601.9485;0.072017347;1.955878614;0.340300757;169524.9891;24;0.234596333;0.6;1;423.8730362
126;3;36;104593.8252;17578.97861;309833.2658;150456.1328;0.056736899;1.357773758;0.485603547;52319.76935;12;0.212040795;0.4;1;334.4592619
127;2;27;273684.3897;14580.12794;683029.8973;533922.5699;0.021346251;1.620336367;0.781697217;85933.62214;60;0.088883839;0.4;0;838.7529622
128;1;19;230706.4517;45011.61927;409393.9431;127328.7135;0.109946959;1.940016079;0.31101758;93429.8547;24;0.095102842;0.8;0;839.2842521
129;2;17;66212.65088;11722.14265;141890.1235;52567.42651;0.082614225;1.828375829;0.370479814;127577.9635;12;0.193733797;0.8;0;599.9875282
130;3;35;135403.5821;10115.45364;270173.8271;183279.3734;0.037440539;1.538771719;0.678375753;60040.39967;60;0.192136992;0.8;1;712.9012288
131;1;8;123853.7835;21024.3814;254878.5774;134027.4945;0.082487833;1.294762781;0.52584841;24193.20899;36;0.211854015;0.8;0;587.8312972
132;3;47;75959.73993;10153.7685;132857.4948;80609.5006;0.076426012;1.226201473;0.606736569;153168.7425;36;0.127073763;0.4;0;318.360981
133;3;37;406252.4919;25398.74847;1147104.511;805039.9734;0.022141617;1.510413547;0.701801768;46623.35429;12;0.151019366;0.4;0;649.0692003
134;4;27;439657.7701;23919.41561;1202216.768;486749.2859;0.019896092;1.258054252;0.404876474;313853.1375;36;0.11186003;0.4;0;360.9116449
135;4;44;389035.4495;67259.66418;1096976.045;617287.5697;0.061313704;0.988679882;0.562717456;258008.7376;48;0.220416296;0.4;0;378.0845944
136;1;23;48155.1056;8485.754647;106274.9834;83909.67552;0.079847151;1.768284277;0.789552469;162192.6466;48;0.205680105;0.6;1;302.0994238
137;4;1;449080.476;65759.88092;1141214.919;634889.1019;0.057622697;1.110621353;0.556327377;338876.562;60;0.08564219;0.4;0;816.0676501
138;3;13;228220.7643;41338.54189;342395.6415;131665.0032;0.12073326;1.279518775;0.384540535;137328.0048;48;0.14487403;0.8;1;741.294881
139;3;38;270945.1817;25423.52732;776570.953;525723.7429;0.03273819;2.109813554;0.676980952;78225.68147;48;0.246905778;0.8;0;645.5309608
140;1;36;177653.4018;9213.212974;391397.4382;176376.4571;0.023539278;1.696714969;0.45063263;82534.16019;36;0.118479754;0.6;0;335.4701992
141;2;16;273430.4676;15093.50946;649181.4195;517864.1957;0.023250064;2.211392188;0.797718758;67533.4344;60;0.090818955;0.8;0;705.661162
142;3;34;218958.1617;27942.77337;469805.6342;215393.3366;0.059477306;1.369191922;0.458473294;150052.3046;12;0.137938669;0.6;0;647.2191542
143;2;4;174341.207;25773.49504;510086.9069;306218.1944;0.050527655;1.987187832;0.600325533;20137.69674;12;0.125723021;0.6;0;499.0192013
144;4;42;359368.2536;50892.65781;690355.3359;278555.8163;0.073719511;1.533145257;0.403496289;295844.7214;12;0.081302886;0.8;0;486.3733571
145;2;9;141922.2211;24514.36723;326051.9969;241256.0905;0.075185453;1.649559109;0.739931339;142685.6523;60;0.194821435;0.8;0;811.184682
146;2;8;226712.6651;32008.60494;445277.0677;316990.6037;0.071884692;2.410121023;0.711895192;125436.2512;24;0.202636887;0.8;1;694.6646686
147;3;18;173146.9352;20506.73975;355571.0023;128187.791;0.0576727;1.33789558;0.3605125;55440.38873;48;0.233054616;0.8;0;817.9491414
148;4;10;385922.0591;25995.95728;668217.2331;257881.2283;0.038903452;1.775754185;0.385924241;300340.1549;60;0.233417062;0.8;0;378.1754181
149;2;1;181387.7652;33832.48143;491929.7765;200719.9828;0.068775022;1.433215569;0.408025683;61565.6843;12;0.091455374;0.6;0;670.1316423
150;3;44;252806.8368;45159.98513;726807.7368;374664.0174;0.062134706;1.137733637;0.51549261;124434.5976;24;0.142908897;0.4;0;581.4247626
151;1;1;184553.4481;23546.41911;381723.9697;115797.9493;0.061684413;1.271749006;0.303355195;121528.6336;36;0.149636912;0.4;0;633.1785872
152;2;31;119039.648;14622.64644;183476.4142;101412.4705;0.07969769;2.428034814;0.552727559;121203.0522;48;0.096881374;0.6;0;388.0137151
153;1;30;204611.4106;21598.68801;421950.746;226588.9069;0.0511877;1.388255426;0.537003214;97457.37394;24;0.220540251;0.4;0;828.624517
154;2;5;218330.0212;28657.06454;577014.0902;413618.1142;0.04966441;1.380882701;0.716824981;40985.35302;24;0.220558546;0.8;1;579.0955014
155;3;1;92725.69743;10812.42482;226190.5674;123149.2092;0.04780228;1.303557601;0.544448916;111962.3432;12;0.204878247;0.6;0;641.3632639
156;1;17;252376.0217;17629.94325;603057.9933;361569.6269;0.029234242;1.206921481;0.599560293;113571.0747;48;0.086456866;0.8;0;331.7575785
157;4;19;409063.523;66756.37847;915441.8879;413069.1116;0.072922574;1.482836355;0.451223739;301443.7862;36;0.114547925;0.8;0;805.3040908
158;4;18;711035.4368;98628.44636;1926823.563;1037096.775;0.051187067;2.492245899;0.538241692;241572.7843;48;0.080538534;0.4;0;432.2103138
159;1;31;288545.8959;54647.30606;446041.2245;328297.1217;0.122516268;1.554452362;0.736024169;139456.7013;60;0.140981639;0.4;0;415.8877301
160;1;49;187627.1664;27193.92153;300868.4753;91112.87508;0.090384749;2.374182057;0.302832907;82176.41813;48;0.191951888;0.4;0;357.4222714
161;1;30;410944.4595;56116.97257;1046525.303;317143.6054;0.053622184;0.7018824;0.303044374;139230.0159;24;0.093066553;0.6;0;379.8580821
162;1;39;40739.89157;2967.878222;77375.3213;24064.76644;0.03835691;1.666514985;0.311013461;62122.51444;12;0.173326676;0.4;0;418.0454403
163;1;23;186321.6725;32273.671;434499.5359;268757.6973;0.074277803;1.552556921;0.618545419;154491.7768;24;0.201371948;0.8;0;586.0934408
164;3;31;130528.6869;18852.73527;206430.8641;139201.0005;0.091327115;1.135173591;0.674322617;79535.87809;12;0.166891954;0.6;0;688.8370681
165;2;29;218490.0817;39324.32498;515137.0688;388207.2491;0.076337595;2.385967634;0.753599911;47351.74608;36;0.234690334;0.4;0;323.2604621
166;3;47;252224.3681;37823.01439;743827.6345;506188.76;0.050849165;2.401545415;0.680518895;59179.80069;12;0.130668875;0.8;0;849.7064365
167;4;41;400376.7944;58120.14555;1063469.201;320572.8216;0.054651461;2.217913371;0.301440626;296922.8363;60;0.150805753;0.8;0;661.5444152
168;3;45;267288.6216;18405.13107;696459.2139;548319.4876;0.026426718;0.604397258;0.787295906;91779.17798;48;0.20124517;0.4;1;323.6538235
169;1;44;229837.7453;19831.1666;658853.5825;473803.1424;0.030099505;1.918765934;0.71913268;68254.65401;24;0.08534171;0.8;0;798.3362371
170;1;38;173100.5493;15594.26402;316723.4638;115844.4997;0.049236213;2.21425912;0.365759133;178258.5966;60;0.092985441;0.6;1;399.9565549
171;1;7;76089.29243;3819.914085;148351.3537;92456.92081;0.025749102;2.448388888;0.623229371;26623.73671;36;0.084011144;0.4;0;460.1293363
172;2;29;125686.5735;15410.62691;329445.4498;176880.881;0.046777477;0.615688899;0.536904914;60149.85982;24;0.248335512;0.4;0;658.0265343
173;1;17;133786.9155;9514.984606;325586.575;224869.926;0.029224131;1.656596799;0.690660928;70109.58068;36;0.246881065;0.8;0;442.9477386
174;2;47;216565.8944;33246.00147;627155.384;344092.7043;0.053010789;0.960501841;0.548656223;80845.82932;12;0.242848801;0.6;1;575.3319641
175;1;14;21186.19113;1198.820443;37046.69647;19366.93187;0.032359712;0.918370931;0.522770819;176671.6851;36;0.194639326;0.8;0;515.522063
176;1;48;254669.5324;32694.71842;465708.1176;246583.9443;0.070204313;2.338774809;0.52948174;94368.80854;24;0.246800232;0.4;0;684.0711365
177;4;42;680434.811;59266.58471;1674497.523;1060459.683;0.035393653;0.825399488;0.63330024;290454.8104;24;0.211176575;0.4;0;496.3661392
178;1;40;246957.1818;15881.78959;529242.3372;166491.6381;0.03000854;1.461780293;0.314584882;135705.175;60;0.080075273;0.6;0;805.7420636
179;2;3;341960.3005;64207.82182;1000710.193;588979.2848;0.064162254;1.214242319;0.588561293;69978.82171;24;0.248715189;0.4;0;661.1470905
180;4;23;347372.9003;19397.12716;539827.2926;209242.9352;0.035932098;2.233540709;0.387610886;301628.7789;60;0.118231337;0.8;0;535.1260072
181;1;7;181087.9609;30251.6177;401019.9414;220067.6836;0.075436692;0.909360218;0.548769926;146082.5056;60;0.123402543;0.8;0;649.8233578
182;4;3;434704.2009;75516.02194;988295.2662;525424.0421;0.076410385;0.590806563;0.531646827;360669.07;48;0.152288792;0.8;1;721.0507128
183;4;20;567937.3283;91599.45909;1574684.657;805159.2532;0.058170033;1.105861811;0.511314599;242560.2982;60;0.201145627;0.8;0;504.0175545
184;4;21;464650.4554;52120.05408;1222376.654;379347.0954;0.042638293;1.038039294;0.310335684;248091.5426;12;0.125703946;0.6;0;630.8546336
185;3;1;115257.0308;22574.5878;250478.9385;95059.8886;0.090125693;0.860391508;0.379512502;126940.3106;36;0.216598078;0.8;1;767.7593881
186;1;13;264181.553;19443.4828;443378.9615;302543.8778;0.043852967;1.842110568;0.682359571;44307.34502;60;0.241005413;0.4;0;389.6694353
187;1;35;193971.1009;16535.26255;496043.56;351478.6442;0.033334295;1.592860632;0.708564071;122739.7585;12;0.171924876;0.4;1;565.2453987
188;3;19;100360.8311;18044.31178;174217.3514;79250.4156;0.103573563;1.080091064;0.45489393;86006.34569;36;0.165257628;0.6;0;614.4602907
189;3;16;160768.5231;8515.80397;335366.8637;132709.3095;0.025392503;1.323310921;0.39571384;78874.36328;12;0.153191836;0.4;0;731.0679134
190;3;2;149691.9461;29535.33326;400769.1597;267210.1814;0.073696622;0.732381913;0.666743373;37496.57554;36;0.213495698;0.4;0;817.6998465
191;1;10;176959.9286;28434.40756;452456.7448;231370.2349;0.062844477;1.193048336;0.511364318;53788.34279;48;0.092587177;0.6;0;707.0887528
192;3;43;81408.89908;15372.30656;130457.855;67210.23984;0.117833507;1.891594955;0.515187375;117244.8504;36;0.186020292;0.6;0;308.3108763
193;2;33;285645.068;36809.20406;535380.7091;161154.5505;0.068753325;0.848163351;0.301009259;188177.872;36;0.098003987;0.4;0;785.6466037
194;3;1;204377.9763;17978.15587;444600.0419;346250.2923;0.040436694;1.298070635;0.778790508;87207.94315;60;0.184932334;0.6;1;304.5759682
195;3;28;226088.9065;28692.70779;487804.3308;389331.8282;0.058820117;0.958343902;0.798131143;114856.3676;36;0.188407002;0.6;0;750.1032616
196;1;46;108380.8085;6435.537995;237181.729;158050.0149;0.027133363;1.713463449;0.666366737;58408.88959;36;0.181116546;0.8;0;571.4255457
197;2;27;123671.3896;13067.9774;356315.8133;211018.9383;0.036675266;1.576663887;0.592224455;101896.8918;12;0.227082869;0.6;0;733.0628647
198;1;38;38463.35487;5669.434993;111713.773;37089.32714;0.050749651;2.149486475;0.332003173;1776.542141;36;0.181803718;0.6;0;330.8968425
199;1;14;197129.141;37179.35053;328776.1062;183526.8316;0.113084101;2.073044765;0.558212194;92313.12138;48;0.192917295;0.8;0;545.4106715
200;2;27;494909.4425;51239.40798;1005004.557;717852.4428;0.050984254;2.078585697;0.714277799;162233.979;60;0.135546232;0.4;0;817.6164469
201;4;45;359932.6009;64364.05316;905378.4863;650925.654;0.071090769;2.217528559;0.718954187;300716.603;36;0.150467731;0.6;0;552.5540786
202;2;17;261956.6472;33997.61434;703130.487;315279.0282;0.048351785;1.58273922;0.448393341;120536.5332;12;0.150414157;0.8;0;494.84923
203;2;11;62238.24992;5161.610288;182967.6464;111271.8186;0.028210508;1.613756886;0.608150243;71761.29979;12;0.152920537;0.8;1;686.1803529
204;2;1;254887.8844;17156.29865;613886.467;220140.8859;0.027947022;1.174413151;0.358601953;210960.0636;24;0.167088409;0.4;0;412.3740109
205;3;43;195429.9769;26207.50078;477365.0172;307573.8299;0.054900338;1.006544767;0.644315815;61750.40256;12;0.204323808;0.4;0;780.7938752
206;2;7;68075.28054;12134.15346;192233.6876;102490.3283;0.063121889;0.651399455;0.533154878;89850.96813;12;0.216601402;0.6;0;782.5427492
207;3;49;180605.06;30806.19912;388338.5078;310123.706;0.079328211;1.61811857;0.798591177;66834.78391;60;0.155885771;0.6;0;688.6488449
208;3;31;265152.1991;32507.23676;399841.6183;280787.7054;0.081300283;2.045619147;0.702247321;43115.71648;12;0.178772566;0.6;0;586.5902548
209;3;37;266864.986;28819.55735;665488.1329;315096.2062;0.043305892;1.281510305;0.47348133;54099.56189;24;0.234398843;0.8;0;659.7730054
210;2;12;380930.635;34528.08787;686963.1726;313882.6817;0.05026192;0.983001256;0.456913404;89097.70523;36;0.22645733;0.6;0;403.3562094
211;1;26;256568.708;29418.9453;596269.2609;337861.4871;0.049338356;1.773523434;0.5666257;96963.42948;36;0.188183628;0.6;0;405.0096218
212;2;39;261402.5647;31166.61978;777661.778;539195.0369;0.040077346;2.04732513;0.69335417;126419.6406;48;0.142619026;0.4;0;318.5220221
213;3;48;267914.2775;49086.64532;532596.4178;399703.1982;0.092164806;2.492315347;0.750480448;84897.72503;24;0.223628129;0.4;0;336.9907527
214;4;31;560246.6096;28492.90285;1231835.863;721339.8602;0.023130438;1.108060545;0.585581149;352092.6072;60;0.102113714;0.8;0;307.5342027
215;1;49;238680.8521;32104.79496;581646.3979;425891.1615;0.055196413;1.673873013;0.732216623;154549.0213;12;0.091785816;0.8;0;689.06835
216;2;46;338995.5367;49141.09742;747121.7013;389646.1427;0.065773886;1.488295341;0.521529681;24646.40384;12;0.158398373;0.4;0;822.0603812
217;4;21;448060.7014;65702.95299;1326874.183;444370.5981;0.049517094;1.60937542;0.334900327;307672.0488;12;0.188109856;0.8;0;323.2882533
218;3;20;182085.0242;21528.07018;460411.2363;347659.5252;0.046758351;1.778064318;0.755106517;36599.28963;24;0.148320824;0.6;1;452.3568884
219;3;40;362814.9546;21761.3294;669826.0597;507618.3796;0.03248803;1.732628984;0.757836116;137796.2596;36;0.115909411;0.8;0;705.5843472
220;1;17;228865.3931;27406.95756;634204.7474;210046.7315;0.043214684;1.1705581;0.331197034;103738.8134;60;0.245808333;0.4;0;346.8069174
221;2;34;132151.4595;25288.1753;213058.7864;110626.1638;0.11869107;1.559762522;0.519228358;98089.44863;60;0.209079726;0.8;0;464.6608555
222;2;13;162059.5501;16432.31525;453278.679;171095.7739;0.036252125;0.665473671;0.377462656;116603.2625;24;0.22098342;0.6;0;563.1728639
223;1;44;190453.5753;11873.03751;416974.5032;188986.0771;0.028474253;2.144762422;0.453231734;11187.68333;24;0.127926237;0.4;0;490.8843027
224;3;15;351681.2867;67193.23987;535869.0003;300826.1773;0.125391168;1.441734712;0.561380071;117891.9174;12;0.163736742;0.8;0;364.3564487
225;2;25;292539.8091;53675.95277;797693.0049;442778.7987;0.067288985;1.97247962;0.55507419;101589.0784;48;0.163236159;0.6;0;603.9642473
226;1;30;196942.098;21857.3268;562227.5775;338419.1108;0.038876298;1.653228014;0.601925491;158651.6267;12;0.213559328;0.6;0;347.8594701
227;2;25;447938.9419;61967.85586;1176965.956;719995.8775;0.052650508;1.700562921;0.611738915;213359.0098;12;0.186645919;0.4;1;552.077977
228;1;27;134380.4045;25030.39061;295919.57;157769.4319;0.084585114;2.021151285;0.533149706;63355.35571;24;0.209272133;0.4;0;723.1968917
229;1;30;140063.3506;17730.21528;339330.5987;256297.3712;0.052250564;1.519708019;0.755302859;44499.82141;60;0.088541312;0.4;0;761.5492172
230;3;32;224917.8672;20727.85992;395910.3432;193946.8808;0.052354934;2.102891552;0.489875761;55325.33831;36;0.20763084;0.8;0;672.5662214
231;2;38;353385.4941;30095.66568;712999.626;224631.9126;0.042209932;2.422984649;0.315051936;106892.2252;36;0.188306099;0.4;0;405.7704428
232;2;4;267714.6866;27029.95692;584535.9395;373551.7345;0.046241737;1.586042862;0.639056915;87734.97293;48;0.185857222;0.8;0;486.9845251
233;3;18;201915.4915;39924.11644;587270.1234;309143.0199;0.067982543;0.896982149;0.526406857;111485.0374;36;0.09570129;0.8;0;802.2779742
234;2;9;282474.9007;38609.70523;806900.7574;571853.7328;0.047849385;2.014096229;0.708703924;140800.3424;12;0.081169254;0.4;0;694.4163127
235;4;25;514754.0912;72358.75034;1438584.961;1023189.705;0.050298559;0.846686106;0.711247325;303849.421;60;0.170347335;0.4;0;464.9681384
236;1;5;158894.2208;13138.3762;241958.6095;142927.0201;0.054300098;0.711706472;0.590708553;93452.53889;36;0.176322894;0.8;1;608.318895
237;1;45;179100.0039;11431.09246;425831.3328;175926.9457;0.026844179;2.291395926;0.413137625;67973.52717;24;0.205607335;0.6;0;356.7957549
238;1;28;193402.5379;19751.77944;304710.3963;99452.18021;0.064821482;1.884022512;0.326382629;122532.7778;60;0.184374952;0.4;0;497.5648108
239;2;16;315356.3429;31291.83937;571926.8136;195795.8108;0.054713013;1.433386242;0.342344171;74069.60105;60;0.222954481;0.6;0;744.6231564
240;2;6;146669.5267;16590.40328;352376.9473;270820.8788;0.047081409;1.123604274;0.768554472;111284.9069;36;0.191589633;0.4;1;423.1904002
241;3;47;141346.873;14586.98751;328772.1297;164913.3753;0.044368078;2.167288021;0.501603878;111210.8202;60;0.154490042;0.8;0;495.1937259
242;2;48;129439.422;17273.58745;199819.8786;150589.1505;0.086445791;0.812567419;0.753624472;52895.67326;24;0.108594621;0.6;0;427.25935
243;4;2;522526.4117;75491.00958;1099821.926;743698.4215;0.068639302;1.562588037;0.676198941;334636.1378;60;0.212763857;0.6;0;661.9302411
244;1;4;200281.0516;23045.45634;375377.6861;215367.5964;0.061392718;1.04876921;0.573735745;178939.1788;24;0.177417174;0.8;0;303.5084739
245;2;41;245161.0683;42428.56077;529758.8176;193998.901;0.080090334;1.264504504;0.366202307;81723.13581;36;0.157248536;0.8;0;662.7282899
246;2;23;189528.6741;35544.45531;504986.9686;184446.8095;0.070386876;1.630839935;0.365250632;35174.00649;12;0.215525882;0.4;1;487.2996595
247;1;10;162633.7922;29316.59971;469962.1694;239593.1484;0.062380765;0.601244945;0.509813691;74636.42947;36;0.151400693;0.6;0;620.7888158
248;2;12;295820.4917;15068.68781;471191.3256;267487.7627;0.031979977;1.632143293;0.567683971;1678.036543;48;0.15244061;0.8;0;474.6550189
249;4;28;514178.542;47869.51193;987026.8738;459953.6814;0.048498692;1.825592548;0.465999147;274804.0264;48;0.163731015;0.4;0;517.0147734
250;1;37;139349.6612;10087.16251;265079.5027;127380.6053;0.038053348;1.316911163;0.480537363;122795.2098;24;0.089635673;0.4;0;741.5681649
251;1;47;99778.29811;11144.79646;185667.1955;118119.9699;0.060025663;2.152129369;0.636191922;62378.23813;12;0.172748961;0.6;0;661.0122227
252;3;44;289295.387;52048.64661;559543.3582;298706.9655;0.093019863;1.738779939;0.533840606;191481.0101;48;0.155895127;0.4;0;654.6736725
253;3;11;346958.2537;18191.04192;946353.1452;302898.7113;0.019222255;2.279826753;0.32006943;114771.3643;48;0.113151527;0.4;0;631.3584069
254;1;43;99373.06457;5242.716322;218233.1905;168373.6605;0.02402346;1.14763915;0.771530949;82801.19643;12;0.19088001;0.4;1;416.7836859
255;3;32;277934.9004;27736.71508;610902.4122;187450.0337;0.045402857;0.66319744;0.306841207;98049.02403;24;0.223142662;0.6;0;601.4798615
256;4;15;518471.0475;69779.94764;1166776.475;390516.6361;0.059805755;0.679753703;0.334697043;346895.7769;24;0.101672566;0.6;0;378.8048023
257;3;36;40785.64722;7163.167931;98771.77105;58334.38198;0.072522421;1.007271111;0.590597712;143708.8459;60;0.126232275;0.4;0;648.5413799
258;1;16;191660.6379;18732.77777;544584.0913;338977.1587;0.03439832;1.076503154;0.622451453;59390.5738;36;0.080005222;0.8;0;439.9647324
259;3;9;333218.9111;35856.48602;832847.9435;661629.2025;0.04305286;0.951455448;0.794417766;111329.5996;12;0.133536136;0.8;0;592.5294716
260;2;47;187890.3312;33619.86697;448767.0479;290498.9758;0.074916078;1.229341352;0.647326886;338.9343883;48;0.101815397;0.4;0;742.2526183
261;3;43;154045.1059;21961.57788;427465.7714;170183.8948;0.051376226;0.75109958;0.398122858;13094.41802;24;0.169005809;0.6;1;452.8148398
262;1;12;124929.7973;7147.714254;242800.7561;186051.4925;0.0294386;1.54642611;0.766272295;97761.98462;36;0.19718277;0.6;0;384.6557304
263;2;39;63417.58446;9846.261161;148060.8414;70967.159;0.066501454;2.32267838;0.479310791;92551.53451;60;0.133681436;0.4;0;831.6011341
264;3;11;281812.7286;47486.07215;557136.3886;328635.5807;0.085232401;1.191249987;0.589865583;5342.519568;12;0.09054625;0.4;1;389.0576536
265;1;29;186366.1653;36876.42187;279601.3918;169715.1728;0.131889264;1.732856355;0.606989728;153019.7953;48;0.147481155;0.4;0;825.0112609
266;1;38;159801.2442;11886.12811;401649.5552;128143.5394;0.029593281;1.73993713;0.31904315;136518.1095;24;0.11653581;0.6;0;354.2268266
267;3;43;286163.6124;31319.71851;556441.9116;206848.7829;0.056285693;0.802891044;0.371734729;106953.0199;36;0.143162907;0.4;0;475.5179194
268;3;2;309516.0412;51850.26155;592910.1277;456801.7291;0.087450457;0.748691683;0.770440085;121675.275;24;0.247917422;0.4;0;631.8338079
269;2;30;177752.5103;30475.89105;520068.1581;161758.3981;0.058599802;2.465042545;0.311033074;202343.1098;60;0.082194229;0.4;0;493.348243
270;2;3;182257.9562;29675.11374;520949.421;373878.2443;0.056963522;0.893775744;0.717686265;32223.52502;36;0.220477938;0.4;0;337.4599636
271;3;21;252225.0636;33083.62351;607265.7089;249127.004;0.05447965;1.751301579;0.41024382;95104.23768;12;0.083573588;0.4;0;720.0307481
272;2;47;243112.0964;21059.4009;582743.0199;287030.8328;0.036138401;2.209611558;0.492551301;68235.41977;60;0.162160028;0.6;1;578.1332091
273;2;3;215669.3728;41833.09775;339257.0404;118402.0106;0.123307972;0.588131723;0.349003842;151176.5322;12;0.233469844;0.4;0;481.7153105
274;1;12;278499.0579;20862.70638;442439.96;285534.4496;0.047153757;1.957572445;0.645363158;155813.7832;12;0.104234614;0.8;1;342.216934
275;3;40;295268.0413;15747.46321;880728.4605;282461.9866;0.017880044;2.435605475;0.320714044;191519.6928;60;0.120277079;0.6;0;414.2808815
276;2;47;401048.1635;59001.68088;1109151.861;512939.9195;0.053195313;1.874591125;0.462461397;50465.24395;60;0.118191758;0.4;0;838.0213677
277;3;33;243477.0065;43816.96878;386988.6815;250004.47;0.113225453;0.779974753;0.646025277;123771.5341;36;0.158139582;0.4;0;612.7037406
278;3;46;26996.62606;1866.425948;57060.81726;27228.77102;0.032709415;1.105659778;0.477188591;194163.7884;36;0.199123339;0.4;0;616.5763858
279;1;45;146327.689;17698.93766;228998.8692;148773.6343;0.077288319;1.161122005;0.649669733;135805.5349;60;0.176456461;0.4;0;568.4977214
280;1;41;144465.7696;16227.42232;413464.3025;174188.0175;0.039247457;0.682617605;0.421289133;51318.89952;36;0.179420728;0.8;0;333.4960632
281;2;24;295838.582;23502.64331;453771.0527;331630.6067;0.051794056;1.654234165;0.730832442;102583.0488;12;0.133733206;0.8;0;712.4229622
282;2;34;251742.1799;27115.12162;542250.8357;323737.1603;0.050004758;1.67930699;0.597024733;71624.75331;12;0.093867737;0.8;0;584.9426239
283;2;31;306837.9334;58272.49429;469525.484;176960.3296;0.124109332;2.272342588;0.376891853;130206.0445;60;0.175980409;0.8;0;812.4572218
284;1;8;59189.66262;3466.594975;101003.8802;30348.10143;0.034321404;2.306447255;0.300464708;154091.3076;24;0.226048999;0.4;0;716.9222316
285;2;23;45966.25069;8409.214485;79386.32384;29844.73958;0.105927748;1.1571163;0.375943086;30310.33168;12;0.111017867;0.4;0;647.6105646
286;1;20;116567.6955;12915.56125;221914.8592;88614.11108;0.058200525;2.06677444;0.399315807;138201.4891;12;0.142939472;0.8;0;661.743881
287;2;16;101004.2207;8815.746678;199525.1449;140548.1382;0.044183638;2.250977301;0.704413162;98249.6195;60;0.225978681;0.6;0;801.5002458
288;3;17;86030.8295;7444.735375;168540.4816;55928.87517;0.044171794;0.854254288;0.331842384;135913.7203;60;0.103341006;0.4;0;429.5925682
289;1;7;240191.8955;38742.15037;604463.2882;257596.484;0.064093471;2.246086294;0.426157368;63901.83364;60;0.089117915;0.4;0;767.003911
290;3;33;260309.4685;32972.63136;626426.7896;332287.57;0.052636049;2.157417968;0.530449169;57473.23606;36;0.2005961;0.8;0;807.2055604
291;1;14;148591.6947;15226.10318;415127.2687;172915.6205;0.036678157;1.890374932;0.416536406;89583.0423;60;0.130706317;0.6;0;836.6783502
292;2;18;301263.741;37907.44978;681349.1502;251544.4293;0.055635866;2.465479082;0.369185797;92092.30778;24;0.092471891;0.4;0;528.3301097
293;4;43;334463.1119;54456.33062;759001.1912;349464.8475;0.071747359;1.692100232;0.460427271;285724.8152;12;0.153994588;0.4;0;563.2876719
294;1;22;247881.8748;18633.82323;416576.7356;139054.3036;0.04473083;1.948058378;0.333802375;133978.7843;12;0.11941302;0.4;0;506.1537084
295;1;6;174201.0695;28314.48838;333030.6384;203925.3126;0.085020671;0.662328449;0.612331987;81088.59488;60;0.205645542;0.8;1;773.7951273
296;2;3;141477.4004;19009.52689;271518.8941;187687.4551;0.070011801;2.273005053;0.691250072;150282.7547;12;0.225780203;0.4;0;303.840244
297;1;24;66083.82645;7548.311144;105214.551;43344.4278;0.071742084;1.226545593;0.411962294;107987.1684;60;0.228903837;0.4;0;358.7403872
298;4;15;461520.4466;67029.38306;778016.8802;260844.0224;0.08615415;2.318859007;0.335267819;314431.6075;60;0.087265733;0.4;0;394.5320817
299;4;40;467798.6823;82081.42495;1054277.177;323864.0574;0.077855641;2.105962603;0.307190618;287950.3403;48;0.183007453;0.6;0;516.3263687
300;2;10;176487.3667;30792.31382;438057.1792;221482.6006;0.07029291;1.826725068;0.505602034;31926.38319;60;0.148254594;0.6;0;402.2788292
301;4;33;555730.4294;39556.8139;1470059.126;520902.6171;0.026908315;2.462515155;0.35434127;293292.7412;60;0.138240484;0.8;0;380.3115606
302;3;32;247107.3281;42761.58044;578921.9819;368022.4617;0.073864151;2.352616554;0.635703036;110917.3217;24;0.105246153;0.6;0;372.7477933
303;3;12;360878.0856;37666.75761;987361.1711;396962.4674;0.038148915;1.438081495;0.402043831;141411.4845;24;0.160327625;0.6;0;676.1285687
304;3;38;221489.5754;17953.62659;512960.9232;213288.9018;0.034999989;2.197847739;0.415799512;29647.88932;12;0.121743606;0.4;0;613.7252203
305;1;29;354525.717;28120.51901;620187.4511;470253.7706;0.045341967;1.155676398;0.758244576;220710.8656;12;0.231340226;0.8;0;576.1045088
306;1;15;240830.4463;15188.30768;537311.1885;346946.1483;0.028267246;1.0235022;0.645708029;84472.09547;12;0.155624914;0.8;0;800.2516602
307;2;43;250660.4028;49596.98011;673506.0633;404569.728;0.073639991;1.178440597;0.600692035;122542.8433;48;0.216866543;0.6;1;328.1949025
308;2;39;332543.2109;25926.05662;872611.3943;499873.6784;0.029710885;0.908128777;0.572847984;29659.24953;12;0.20726348;0.8;0;592.2462575
309;3;12;204235.2131;29153.27361;514878.7204;326106.5546;0.056621632;1.521941486;0.633365765;127460.7591;48;0.089142934;0.4;0;483.5134898
310;2;20;267153.1172;42661.03702;709189.9904;558632.6317;0.060154596;1.64712656;0.787705184;176401.568;24;0.239243174;0.6;0;398.1288531
311;3;40;316458.3471;31962.50126;887499.3734;305359.4382;0.036014111;2.053596874;0.344067215;95637.19934;36;0.19566535;0.8;0;688.6322709
312;1;26;190705.5793;25547.24346;531477.8312;336671.926;0.048068314;1.370792647;0.633463724;88024.9039;24;0.238128084;0.6;1;751.9028634
313;2;1;401527.511;30089.7889;831003.7891;505746.5074;0.036208967;2.439637729;0.608597114;164532.223;60;0.101098253;0.6;0;405.612853
314;1;9;41389.83412;2916.143491;107283.2111;75803.50907;0.027181732;1.014957952;0.706573828;66851.061;48;0.094444269;0.6;0;452.2147726
315;4;1;576544.9238;103416.8482;1138097.207;826379.4334;0.090868203;0.581867889;0.726106196;325562.6639;12;0.185998263;0.8;0;834.8537645
316;1;18;151172.6158;11979.48357;341252.1008;233543.9171;0.035104498;0.623893037;0.684373566;131666.3413;24;0.159263058;0.6;0;533.7244355
317;3;47;148230.7427;17396.62339;350776.138;205363.1271;0.04959466;1.164853384;0.585453527;95595.4378;60;0.230417351;0.6;0;846.295858
318;4;40;619964.2033;94715.76085;1199671.677;480746.7832;0.078951402;1.030417074;0.400731961;302964.7114;12;0.096258918;0.4;0;394.5519067
319;2;19;293243.4871;39260.23561;666282.4244;233058.8338;0.058924315;0.532056313;0.349789857;79244.98555;48;0.170580596;0.6;0;305.8031173
320;2;9;296198.7189;43630.79491;843832.6447;516216.8613;0.051705507;0.762575944;0.611752656;88149.4015;24;0.223645045;0.8;1;465.5314758
321;2;11;231455.2171;46135.19193;503511.2009;214629.3002;0.091626943;1.385658741;0.426265195;106932.2947;60;0.102160032;0.4;0;474.8475706
322;3;28;55631.78675;8076.815851;135284.2376;48752.82958;0.059702564;2.453931092;0.360373318;107072.0256;24;0.207741964;0.4;0;499.8721626
323;3;8;113696.5093;9816.39444;205248.5759;159534.9812;0.047826858;2.337043206;0.777276921;18853.34987;48;0.246024998;0.4;0;778.2435195
324;2;34;141184.5643;19939.73695;305927.2205;205333.7519;0.065178041;0.956662505;0.671184969;170911.9391;48;0.119165729;0.6;0;665.0585062
325;1;46;368434.8516;41596.36919;940115.4558;475102.1728;0.044246022;1.509274576;0.505365772;150001.0858;24;0.238776256;0.6;0;502.5375591
326;2;26;333802.5403;59969.27533;729469.4088;392129.3317;0.082209445;1.272101871;0.537554182;118436.903;48;0.208677702;0.6;1;564.3079675
327;1;31;168625.8723;12439.05939;268672.8901;191120.8529;0.046298156;1.12276388;0.711351461;121007.6647;60;0.129449065;0.4;1;405.9720181
328;3;44;140263.5234;14013.64748;408150.9416;192448.6204;0.034334473;2.476248152;0.471513356;75616.30129;24;0.135969205;0.4;0;440.111789
329;1;39;327862.3888;20288.77133;514936.5923;159488.2341;0.039400524;0.877588056;0.309724025;132681.3444;48;0.183002459;0.8;1;730.9258264
330;3;43;29188.06054;3163.439735;82635.3924;61725.89094;0.038281899;1.171632729;0.746966755;231884.7444;60;0.24071318;0.8;1;601.0176093
331;2;29;255395.6047;35281.38267;697456.7114;346031.6538;0.050585767;1.39510371;0.496133521;142890.9421;12;0.1547257;0.4;0;474.051422
332;2;13;313780.5823;45116.13108;911990.6076;583539.3693;0.049469951;1.640363264;0.639852389;70449.34132;24;0.243326871;0.4;0;593.7768329
333;1;7;39195.62043;2954.341829;116261.4553;84482.38557;0.025411189;1.496666057;0.726658593;142238.7188;60;0.118634379;0.6;0;349.8077072
334;2;35;193763.0661;24623.40634;522185.1277;244900.0078;0.047154553;1.910980049;0.468990775;91116.8372;60;0.118145107;0.6;0;304.9978692
335;2;28;305701.6283;42023.53834;787799.5975;382887.7658;0.053342929;0.684899034;0.486021784;109939.7294;36;0.147061496;0.4;0;831.7038251
336;2;39;194017.3856;19042.72042;444133.1561;285970.5009;0.042876151;1.046949031;0.643884603;124678.0102;48;0.119154268;0.8;0;494.4102556
337;3;38;208512.2057;34801.6829;476188.7518;295481.0389;0.073083799;2.072663311;0.620512429;179747.6726;12;0.201717398;0.8;0;304.2716532
338;3;44;295913.293;33322.42414;581322.6423;446986.4787;0.057321738;1.854289933;0.7689129;128517.1063;36;0.09235315;0.4;1;599.6405969
339;3;6;279939.3359;14307.35939;633699.5478;234253.2108;0.022577512;2.232454061;0.369659741;146783.7228;36;0.151118787;0.4;0;474.2972757
340;1;27;90651.32663;7692.726597;222408.3158;177141.9367;0.034588305;2.055434978;0.796471733;124909.3071;24;0.135994476;0.8;0;746.3948579
341;4;20;516088.4383;66947.96605;1128656.938;562516.5938;0.059316488;1.36242097;0.498394663;253870.3667;60;0.080353008;0.6;0;788.9503359
342;2;45;3407.100585;263.2480583;7687.097829;3546.86458;0.034245441;1.016215286;0.461404897;95856.96637;12;0.174176513;0.4;0;389.954587
343;3;25;146834.6175;18344.37919;388695.3668;168219.114;0.047194746;2.113547139;0.432778799;96464.17621;60;0.085844066;0.6;0;539.2580269
344;2;18;171899.4686;23680.05862;383819.4884;215744.2188;0.061695821;1.833870835;0.562098136;90096.67512;36;0.234813049;0.8;1;341.4032942
345;1;47;131372.0864;25150.84669;317337.6944;227685.6363;0.079255781;1.920703001;0.717486893;28366.43551;36;0.205106469;0.6;0;487.5290855
346;3;11;276333.4151;54207.19213;818887.2378;272393.3232;0.066196162;2.143678646;0.332638379;125566.3322;24;0.229485159;0.8;0;440.3013881
347;2;2;254090.8519;30211.7957;402137.4718;206476.4248;0.075128029;1.438049879;0.513447364;143808.4584;60;0.240969633;0.6;0;839.5746742
348;3;26;100870.9618;9819.815589;170257.761;106880.1583;0.05767617;0.579594255;0.627754986;146029.9121;60;0.103747703;0.8;0;342.3330507
349;2;11;126542.6613;19076.18404;253193.3531;108146.3707;0.075342357;1.762098787;0.42712958;990.6666169;60;0.209205933;0.6;0;488.3173178
350;3;29;264090.5314;20709.05911;555044.8677;429548.1313;0.037310604;1.293181149;0.773898033;119719.8262;60;0.082974696;0.8;1;597.7494511
351;3;28;355737.6817;53817.64201;643466.4944;306444.8201;0.083637054;0.752220283;0.476240523;126018.9863;24;0.194953277;0.8;0;582.0594493
352;2;2;220686.178;37821.02518;553756.2483;303798.7613;0.068299049;2.400614027;0.548614598;72321.27465;48;0.188876037;0.8;0;824.6652139
353;3;24;196607.4774;36809.88263;357348.1591;132976.4007;0.103008457;2.017953664;0.372120011;20262.20209;48;0.11778807;0.4;0;792.2921075
354;2;4;16967.74177;3353.053474;32889.81991;14715.18891;0.101948064;1.209096418;0.447408619;40290.52995;36;0.157826839;0.4;0;821.0149997
355;1;20;265776.3176;40271.22671;518896.448;204523.6901;0.077609371;1.107470092;0.394151262;96523.38569;48;0.104457554;0.6;1;358.9723168
356;3;37;334664.3431;43704.26872;841910.535;539947.1781;0.051910823;1.75746803;0.641335576;36939.40741;60;0.086631092;0.4;0;757.8150729
357;1;33;274245.8914;18115.13961;732524.2019;553127.6053;0.024729749;1.26566679;0.755098062;68120.6229;48;0.163170606;0.8;0;615.3875039
358;4;45;563716.9071;68272.56615;1586033.128;691059.1098;0.043046116;0.507404814;0.435715432;233089.6672;24;0.202579292;0.6;0;674.3083664
359;1;39;269923.0581;29901.96068;646213.4522;228582.0319;0.046272575;0.5338256;0.353725276;39167.03937;24;0.235142855;0.4;0;445.8439077
360;1;34;160552.7307;31567.19196;473073.4135;180649.9326;0.066727893;1.09884625;0.381864479;115979.6325;24;0.126191992;0.6;0;348.6183319
361;3;13;240433.5478;38258.16161;644303.8602;271802.2289;0.059379066;1.111789627;0.421854106;54385.25184;60;0.155800725;0.8;0;714.0661113
362;2;13;209796.3264;37519.94406;423191.6355;209542.3961;0.088659465;2.282043366;0.495147774;83098.09795;48;0.149860234;0.8;1;529.560618
363;1;30;268635.3555;26326.91412;606865.277;231370.7444;0.04338181;2.419491443;0.381255533;58055.3663;48;0.201953372;0.4;1;310.5045596
364;1;27;314602.7575;16082.32656;671371.7004;442456.8313;0.02395443;1.385387404;0.659034081;41875.32207;36;0.125762256;0.8;0;415.9197047
365;1;26;350548.2285;19061.22953;810417.4886;264563.8012;0.023520259;1.90228844;0.326453717;130758.7219;60;0.186556447;0.8;0;542.8271578
366;4;38;579425.6678;36070.38624;1058371.594;449987.9921;0.034081023;2.163449263;0.425170134;373341.2208;24;0.170619399;0.6;1;371.1593393
367;4;41;443352.9499;25546.1692;976463.0979;709463.0182;0.02616194;2.367160912;0.726564086;254366.7712;24;0.151217016;0.8;0;841.516743
368;3;3;22880.28348;4446.369798;67422.07124;29983.82108;0.065948282;1.459250193;0.444718184;67901.31688;12;0.194481354;0.4;0;580.0368811
369;4;22;589754.357;48249.09293;1096056.42;482968.802;0.044020629;1.322254557;0.440642282;356510.9886;24;0.237260975;0.4;0;486.1787837
370;3;29;243347.2832;34663.26605;381395.967;233137.2458;0.090885245;1.117835446;0.611273495;74571.88734;12;0.186036433;0.4;0;764.3022427
371;1;45;320994.9259;32491.23832;585306.8497;413727.1525;0.055511461;0.934206459;0.706855135;155114.4687;60;0.129155557;0.4;1;382.4500893
372;2;28;223265.7205;19796.25101;569784.2416;175030.0132;0.034743416;0.599025259;0.307186476;261306.5829;60;0.21985177;0.4;0;574.4323693
373;1;32;135220.9955;23377.69964;311655.7836;227499.4837;0.075011281;0.92607064;0.729970357;46834.56236;12;0.094244465;0.6;1;644.7580974
374;1;20;109967.0523;17926.97631;186801.6898;107122.878;0.095967956;1.5924952;0.573457757;106432.6474;24;0.124314777;0.4;0;829.701772
375;1;23;225069.2416;23274.43163;603944.2634;251751.282;0.038537383;1.778403659;0.416845224;59401.29239;12;0.20973551;0.4;1;529.8361981
376;2;18;315434.9575;43277.09354;510498.2894;202073.427;0.084774219;1.4490887;0.395835659;92362.77161;36;0.241547468;0.4;0;766.5117207
377;3;39;413820.9048;78700.88873;1071420.389;813086.2832;0.073454724;2.31669442;0.758886326;165905.268;60;0.169719551;0.6;0;822.1046445
378;2;16;273463.2855;25583.66155;443835.3183;199391.4851;0.057642239;1.844723716;0.449246549;118456.1827;36;0.144149241;0.4;1;451.7718555
379;3;20;132462.6761;17824.25257;239422.1608;160651.7181;0.074446962;0.604558207;0.670997696;157765.0206;24;0.219111087;0.6;0;751.5055675
380;2;48;222047.2321;35575.05155;440164.1201;139675.2356;0.080822243;0.754449774;0.317325355;50186.39519;60;0.199407783;0.6;0;328.6130653
381;3;48;351862.4039;23670.96902;838202.7827;530987.0892;0.028240146;0.901425686;0.633482852;134320.875;60;0.171742504;0.6;1;651.0925358
382;3;11;238280.1198;38376.62039;399597.915;271035.1114;0.09603809;0.690497868;0.678269584;98859.06196;24;0.186265564;0.8;1;597.1194967
383;1;21;191735.3532;36137.53128;292162.0676;194276.6026;0.123690018;2.277493034;0.66496176;204987.9199;48;0.163121657;0.4;1;657.2486272
384;3;43;15499.19936;2455.980948;35053.42677;19263.76243;0.070063933;0.720284566;0.549554329;139279.5565;48;0.120980939;0.6;1;374.5946388
385;1;40;217150.9548;15934.04424;405022.1272;292060.1864;0.03934117;0.918612152;0.721096865;119547.0299;48;0.183857486;0.8;0;657.6402891
386;4;18;603573.6507;91904.84683;1710001.848;1105100.675;0.053745466;0.987056678;0.646257006;266942.1658;48;0.211382814;0.6;1;501.6031531
387;3;39;118807.8341;17135.77148;199841.6543;158467.854;0.085746746;2.061364149;0.792967084;86274.38502;12;0.178355868;0.8;0;511.0748519
388;3;23;209791.3738;33792.44515;552882.1447;333585.9209;0.061120522;0.83357467;0.603358101;55049.37223;24;0.081793778;0.4;1;395.6875697
389;1;19;353448.2102;62010.26068;644404.7837;232140.9665;0.09622874;2.203074344;0.360240911;156118.7109;36;0.112397928;0.8;0;839.7817837
390;4;30;619779.2522;73080.12434;1706444.622;1332402.846;0.042825957;2.050163601;0.780806379;362235.7288;48;0.183154792;0.8;0;579.8868903
391;1;17;247944.1692;29215.82305;425020.5528;210265.0374;0.068739789;2.403404813;0.49471734;96512.32854;60;0.248746343;0.4;0;669.6288973
392;2;48;127305.1041;21220.03091;263972.8616;137678.6552;0.080387168;1.252380938;0.521563673;41472.44055;24;0.169410918;0.4;0;700.632368
393;1;21;143987.6455;21994.24431;368843.0452;177043.2635;0.059630362;0.653446799;0.479996209;87504.84696;24;0.19367405;0.8;1;779.318698
394;3;39;114217.8972;7864.574505;242330.5238;165080.9473;0.032453916;2.300624479;0.681222261;91700.08147;48;0.122068707;0.8;0;743.1701551
395;2;29;171239.5266;20056.43592;502165.7988;381554.3387;0.039939868;1.122389476;0.759817454;174546.8414;48;0.224241976;0.6;1;550.5060646
396;2;42;76386.4204;14538.50926;219100.0371;88664.13218;0.066355576;0.57883517;0.4046742;162716.918;60;0.178847171;0.6;1;395.5194003
397;1;45;274219.498;31266.11114;678172.9832;450058.8091;0.046103445;1.767508174;0.663634235;73949.90305;12;0.248409265;0.6;0;771.3225714
398;3;20;210533.9045;27033.90457;323251.2204;163845.1981;0.083631253;1.098496839;0.506866449;115117.9347;48;0.088122832;0.4;0;471.053852
399;4;15;530643.8834;63566.69558;842321.1482;363155.9484;0.075466104;1.37214096;0.431137161;300160.4934;60;0.241086071;0.6;0;696.7970364
400;2;28;354581.0427;37869.65657;1039501.901;766200.6982;0.036430579;1.915881831;0.737084461;154926.4311;36;0.191658589;0.8;0;849.7073418
401;1;34;199907.3374;28005.21768;318596.2502;210468.5805;0.087901906;0.960790143;0.660612234;73928.8978;48;0.139039041;0.4;0;746.3062665
402;2;49;270612.8549;46974.18554;668760.0531;524623.6692;0.070240717;1.927915896;0.784472199;159537.3058;24;0.208140594;0.6;0;646.4298201
403;4;48;468600.4904;42897.185;749150.3512;489189.6604;0.057261116;0.976418871;0.652992633;315718.6767;12;0.244223648;0.8;0;421.9787206
404;3;24;258850.0786;48475.06727;720062.1996;461983.1093;0.067320667;0.604665715;0.641587782;133343.6173;12;0.223736838;0.8;0;428.0960113
405;1;11;274414.7789;33136.90587;806690.4517;514731.9679;0.041077598;2.3155016;0.638078667;169327.0067;60;0.084218926;0.8;0;762.8885029
406;1;26;187571.4223;28210.2378;531278.8523;281562.3717;0.05309874;1.713946233;0.529970976;89430.78851;24;0.244994294;0.4;1;585.4619315
407;2;6;181585.4184;18179.55088;414513.4444;245734.8312;0.043857566;0.516991157;0.592827168;43491.06353;24;0.084402332;0.8;0;300.8806532
408;1;25;367369.8446;28834.82785;1002229.1;359143.3457;0.028770695;1.812002709;0.35834456;54174.35032;12;0.207077205;0.4;0;784.6919373
409;4;29;604043.0893;110090.6859;1759491.975;1178475.393;0.062569587;0.673239522;0.669781624;202247.5615;24;0.154399871;0.8;1;405.0841766
410;2;30;278713.8554;15153.27313;739612.2597;555415.3661;0.020488131;1.392709159;0.750954786;89447.96963;60;0.181386912;0.4;0;364.2113465
411;4;43;440447.921;66474.11062;1011108.249;638406.5356;0.065743812;1.680341547;0.631392866;307088.9185;24;0.114149121;0.4;0;728.7156593
412;1;38;253148.9688;39220.1623;536176.2518;197955.625;0.073147892;1.831530481;0.369198793;191741.0072;24;0.241136785;0.8;0;346.9713664
413;3;11;287735.0507;53069.42329;727557.9734;530746.4651;0.072941848;0.677546534;0.729490274;90160.95256;24;0.154463705;0.6;1;529.8826794
414;1;1;37299.50791;3804.841272;97712.7075;72967.45149;0.038939063;2.013578446;0.746754986;201129.5115;48;0.206555169;0.4;0;490.0948704
415;1;31;393961.1909;50613.65189;1107705.666;356367.3877;0.045692329;1.022056783;0.321716679;164369.6324;12;0.119641884;0.8;0;681.7724097
416;3;10;135891.8733;20595.18422;367562.8102;213531.3796;0.056031741;1.981766413;0.580938478;132952.7172;36;0.141007677;0.6;1;467.487754
417;1;46;401369.8917;74450.51998;661385.4462;275162.3308;0.112567521;1.917800013;0.416039289;128112.5142;48;0.10217674;0.4;0;687.9460036
418;1;37;230854.5903;12760.15246;545418.3544;378134.0374;0.023395165;0.53457609;0.693291735;124412.5309;60;0.243462433;0.8;1;422.9814016
419;1;13;308419.8244;37493.51015;922744.7367;590174.4766;0.040632592;0.648149814;0.63958585;110515.152;36;0.14934202;0.6;1;467.3691755
420;4;41;427581.3734;59745.14359;1027366.665;341342.9642;0.058153672;2.445044991;0.332250379;297115.7199;60;0.175165273;0.8;0;457.9827414
421;1;40;279980.6293;19806.52295;598929.9583;345079.9332;0.033069848;1.69776619;0.576160749;15029.05275;48;0.203970842;0.8;0;774.0341821
422;3;1;231904.4872;20632.34799;436442.5126;348760.1326;0.047273919;0.875851916;0.799097527;66678.3314;12;0.169558918;0.6;0;420.6641641
423;3;47;72186.68598;4689.574391;114182.578;72307.59228;0.04107084;2.115072511;0.633262916;112935.5067;24;0.102249794;0.6;0;745.1851187
424;4;2;502846.5939;34528.02734;1480025.269;658555.5683;0.02332935;2.205888407;0.444962381;264410.4416;60;0.134943022;0.6;0;514.6583498
425;1;20;66929.48687;9360.199616;107596.0449;44477.97867;0.0869939;2.362980774;0.413379309;8898.38661;12;0.197270028;0.4;0;579.4928435
426;4;22;520266.4164;44268.64898;936972.8325;616123.7155;0.047246459;1.129904124;0.657568388;312010.1214;24;0.178272257;0.8;0;703.0610855
427;2;38;258679.7378;23239.30643;685721.2065;276307.0095;0.033890313;1.143372737;0.402943655;66279.28428;36;0.225257364;0.8;0;497.0204727
428;3;3;325947.9712;53254.34335;725267.9243;258063.3567;0.073427132;0.730805919;0.355817965;95684.18273;24;0.134410126;0.4;0;409.7643887
429;1;36;241857.2886;29617.82827;513730.5192;405295.7986;0.05765246;0.901129319;0.788926847;117976.7972;36;0.190237335;0.8;1;800.9588248
430;3;21;401423.0474;43086.98285;771811.064;510160.6096;0.055825817;2.223750298;0.660991573;131873.8736;24;0.095898421;0.8;0;545.1304846
431;3;22;279197.894;36477.91074;420770.3899;141460.7746;0.08669315;1.080736425;0.336194699;17230.68062;60;0.200852036;0.6;0;799.6008932
432;4;49;508277.2904;65924.06927;1067168.491;829031.7773;0.061774752;1.78422047;0.776851813;301839.1417;48;0.101498922;0.6;1;663.2583468
433;1;44;358127.1952;62381.72602;951495.4711;303913.8134;0.065561769;0.888257541;0.319406474;79666.57791;48;0.202590869;0.6;0;559.9167192
434;2;15;332850.4009;24612.59411;946767.1122;475509.5522;0.025996461;1.411251231;0.502245532;48183.18555;24;0.138755429;0.4;0;402.7248905
435;3;15;125405.7874;10982.09104;339706.5661;149415.4925;0.032328168;0.883042644;0.439836928;66922.92787;36;0.227159656;0.4;0;496.0226047
436;3;9;120992.4046;7434.422844;314465.3427;191334.0409;0.02364147;0.505823436;0.608442378;180649.8359;36;0.193340505;0.6;0;545.1514015
437;4;20;560078.7716;70494.8327;855230.3133;655436.231;0.082427893;0.65665411;0.76638564;222606.3269;36;0.204018642;0.6;0;567.8953994
438;2;23;172092.7665;31523.21096;375624.5317;217094.4551;0.08392213;1.307952567;0.577956009;13018.64807;12;0.240362719;0.8;0;728.183734
439;1;2;165593.6043;17347.11156;355803.6501;217604.6067;0.048754732;0.648856837;0.611586212;81273.29246;24;0.216953409;0.4;0;706.0625308
440;1;24;267080.8492;24691.64997;415835.2543;331544.2397;0.059378443;1.463972374;0.797297094;225148.1288;48;0.156893386;0.6;0;759.5644378
441;1;14;211339.4392;18862.19394;338245.9493;106241.5881;0.05576473;0.989490159;0.31409567;122949.7001;60;0.150705321;0.4;0;678.6207099
442;3;39;265953.147;49499.06047;447791.1978;253905.6948;0.110540495;2.258925387;0.567018057;188325.59;24;0.094013656;0.6;0;478.478657
443;4;43;532781.1074;80107.91628;900093.8336;695671.9466;0.088999517;0.765148155;0.772888249;347623.9078;48;0.087888491;0.8;1;790.1604386
444;2;33;120265.5444;20814.40016;285808.6127;158413.3437;0.072826357;1.136903934;0.554263716;52636.24575;48;0.128912134;0.6;0;646.0705562
445;1;6;118359.7652;21984.6496;322740.5665;152699.2191;0.068118644;2.115478586;0.473133021;146679.1885;24;0.096459184;0.4;0;415.7906686
446;4;29;213529.0108;25774.01341;376595.9326;140269.2799;0.068439436;1.009535173;0.372466264;205581.3767;36;0.099219005;0.6;0;597.968176
447;2;19;104881.563;13399.66261;175038.2924;134253.2692;0.07655275;0.867159255;0.766993709;82908.90899;36;0.14513796;0.8;1;393.922543
448;4;36;544232.8311;63023.63423;1257796.226;986093.2464;0.050106395;1.010364458;0.783984898;302272.1366;60;0.226085242;0.6;0;608.8713985
449;1;31;102131.9269;15767.35525;178410.9148;120755.6896;0.088376629;2.436224473;0.676840258;81895.19748;48;0.170428606;0.4;0;667.7006823
450;3;1;66997.1459;5902.760269;199196.1002;157665.7051;0.029632911;2.349953896;0.791509999;181293.7653;12;0.123569704;0.4;1;300.2208492
451;2;5;220940.1362;25350.15188;584476.0528;465417.6141;0.043372439;1.818069362;0.796298859;71952.20113;12;0.089108015;0.4;0;753.6604377
452;4;12;461612.5259;30429.26824;1033629.851;393148.0131;0.029439231;2.456530927;0.380356675;310114.0204;12;0.191041822;0.4;0;370.9700249
453;4;20;586987.1618;71614.06349;1234780.527;463942.6197;0.057997403;1.383698069;0.375728811;250524.6088;12;0.131557774;0.6;0;834.9446324
454;2;22;255436.8391;28200.40105;462791.6735;327056.4708;0.060935411;1.985662553;0.706703447;31169.2453;60;0.205485628;0.6;1;604.5228084
455;1;10;202943.5658;35404.38839;410900.8588;210551.4622;0.086162848;0.756370221;0.512414267;42089.28265;36;0.157341632;0.4;1;606.175129
456;2;26;222391.91;16993.49846;572676.4878;373954.9985;0.029673819;0.96839812;0.652995201;73448.15247;48;0.157153916;0.4;0;702.4237793
457;1;2;10887.11381;1234.390839;21202.72617;9149.250236;0.058218496;0.827216842;0.431512918;108972.7992;48;0.122667825;0.4;0;576.0121334
458;2;11;256512.4367;13756.99455;518899.9584;342941.0919;0.026511844;0.660179019;0.660900211;84463.6575;48;0.20561781;0.4;0;437.4459469
459;1;43;266220.3334;52072.75157;469498.9571;281022.5023;0.110911325;1.348370111;0.59855831;44718.72491;60;0.123205038;0.8;1;598.8732187
460;1;40;67120.48915;9931.85301;115630.1295;66735.97007;0.085893297;1.554296763;0.577150353;88043.64699;48;0.132637408;0.6;0;457.423369
461;2;44;207294.7379;37130.97121;312634.7852;99288.84225;0.118767882;2.323643187;0.317587316;161148.7835;24;0.092774302;0.6;0;486.8133413
462;3;21;157095.4052;28888.541;343720.7952;219461.7324;0.084046533;1.494481696;0.638488376;123470.4428;60;0.249813799;0.4;0;847.9632423
463;1;16;307009.8485;53777.18607;844126.4406;547911.4402;0.063707501;1.082830277;0.64908693;108339.0722;60;0.086521856;0.4;1;684.3585187
464;2;3;160743.8307;25312.00105;301304.1928;222620.5554;0.084008127;2.126299977;0.73885648;110564.0362;36;0.230239543;0.8;1;485.2662358
465;3;5;217146.6133;42501.55367;415696.446;289405.9484;0.102241802;0.950479805;0.696195388;28440.04398;12;0.150549619;0.6;0;402.2635025
466;1;23;11366.55426;1504.821232;29809.25741;20626.94176;0.050481675;1.149217596;0.691964294;92386.80833;24;0.165987568;0.6;0;636.9763896
467;3;7;125714.1215;22049.04044;216599.1234;114381.5288;0.101796536;1.484715189;0.528079371;26970.72646;60;0.214136903;0.4;0;405.5302514
468;2;42;195098.083;16732.40698;568267.0149;342024.0868;0.029444621;0.710530325;0.601872144;127557.9887;24;0.14951763;0.8;1;671.6042351
469;2;37;233795.5554;29235.14606;664248.0796;504785.6746;0.044012391;0.610313181;0.759935467;70387.95776;48;0.086408556;0.6;0;619.4382564
470;3;21;294575.9853;45909.34331;658037.0479;323404.6066;0.06976711;0.944164376;0.491468691;159139.8272;60;0.16871659;0.6;0;698.7020106
471;4;8;593872.3616;45432.62956;1407681.075;1058600.794;0.032274803;1.140362335;0.752017493;238843.0593;12;0.224098856;0.8;1;416.1645422
472;4;16;309238.8193;49992.44063;914366.5772;474571.6409;0.054674396;2.2220668;0.519016828;272580.043;60;0.095685731;0.8;0;674.5775615
473;2;39;147211.4494;19004.69662;416542.5939;299467.7308;0.045624858;2.265563399;0.718936635;104420.6189;24;0.185963454;0.8;1;547.5133317
474;2;22;215123.1072;17214.82474;425811.2664;253742.6173;0.040428298;0.644458697;0.595903954;198154.2942;60;0.231379828;0.4;1;714.3221125
475;3;7;274353.7845;26022.97826;541820.4908;344386.9438;0.048028782;0.56289191;0.635610778;124600.3455;60;0.197776204;0.8;0;477.2432166
476;2;10;204932.8166;29148.71183;455695.8661;158048.4168;0.063965276;2.036178757;0.346828726;136122.3493;36;0.108797405;0.4;0;706.0932024
477;2;41;320200.2538;59119.95902;607411.6388;398239.0617;0.097330962;0.699970495;0.655632912;93363.23987;36;0.175267822;0.8;1;719.1179966
478;1;14;30173.03276;4142.1476;47764.65564;17782.29673;0.08671993;1.890516802;0.372289855;75808.61278;24;0.152401836;0.8;0;811.9580753
479;2;40;188983.2074;29506.00783;414635.1568;291591.3336;0.071161375;0.859290632;0.703247973;68737.51199;36;0.080134217;0.6;0;648.6174003
480;1;37;227569.3997;45163.5345;470176.9125;245610.0513;0.09605647;0.592867311;0.522377949;83480.81019;60;0.131448858;0.4;0;748.4450431
481;3;18;188552.7628;26788.99047;307638.2498;152517.369;0.087079518;1.926643459;0.49576855;107387.7954;12;0.247038417;0.6;0;356.6203796
482;2;29;82849.55918;4462.390054;166657.8377;116935.8529;0.026775759;2.294596991;0.701652287;37970.32076;60;0.238548981;0.4;0;457.748661
483;2;21;332761.5452;27585.2866;713218.1843;446568.7303;0.038677206;1.954262394;0.626132003;210459.1983;36;0.104972008;0.8;1;402.6181746
484;1;42;128260.7836;8471.456632;330808.9243;240592.1475;0.025608307;1.013904599;0.727284332;82770.67321;36;0.120667946;0.4;0;564.6534833
485;3;43;6059.459186;649.4045556;12832.59193;8518.141847;0.050605876;1.403277991;0.663789661;144500.5063;48;0.240496114;0.4;0;522.8683178
486;1;47;423835.3162;65177.21955;879290.4654;645882.4019;0.074124788;1.636638302;0.734549534;53052.2926;24;0.204098848;0.6;0;763.3513424
487;1;36;232075.9858;20309.51962;639329.56;355563.2502;0.031766902;0.770482382;0.55615018;58008.10646;24;0.149788873;0.4;1;459.4343737
488;3;32;171690.5603;33937.43661;334218.2067;200481.5288;0.101542752;2.052973763;0.599852207;35835.53007;12;0.135891629;0.6;0;659.5778576
489;2;11;202820.061;27305.50636;454567.7044;302713.2836;0.060069174;1.267582512;0.665936627;54487.60718;24;0.133822414;0.4;0;740.9034244
490;3;38;29998.02322;5481.809126;70961.24194;29134.82711;0.07725075;1.038239505;0.410573805;96651.38201;60;0.161369628;0.8;0;460.7666756
491;3;3;383033.3195;54143.42273;1016367.535;531951.4379;0.0532715;1.44565125;0.523384917;65482.84784;60;0.149863303;0.8;0;473.8025976
492;4;47;409345.8935;80482.90515;636954.247;332842.564;0.126355865;0.726271875;0.522553332;358811.5282;60;0.179494349;0.8;0;499.9329516
493;1;49;77279.71013;5850.827291;125074.9619;80879.56583;0.046778565;2.06944683;0.646648734;165032.2621;24;0.229588026;0.6;0;719.8191884
494;1;29;288855.7874;54990.15321;534674.3532;182962.3417;0.102847935;1.018430668;0.342193974;180352.3342;36;0.233994396;0.8;0;806.9496682
495;3;29;166988.5077;16107.60846;371418.367;171422.7744;0.04336783;2.177942193;0.461535534;179354.708;60;0.21467229;0.8;0;425.6342188
496;2;34;62154.08938;5833.699143;158987.6722;106158.9777;0.036692777;1.106992464;0.667718297;136517.209;36;0.096278214;0.4;1;334.3461422
497;3;14;407377.8683;33888.00213;1024804.071;703138.7106;0.033067786;1.446426374;0.686120138;60684.79734;24;0.202900382;0.6;0;485.0536394
498;1;37;44180.15702;7470.173057;124217.894;90120.31605;0.060137657;2.054408495;0.725501883;170946.4502;24;0.170691341;0.4;1;818.1868544
499;3;47;178301.6739;27930.6347;384875.2593;137168.9495;0.072570616;1.911764889;0.356398459;12641.00151;48;0.190922404;0.8;0;428.9662037
500;1;21;7711.985377;905.144249;18169.4134;9408.023762;0.049816922;1.329693701;0.517794579;88236.3045;24;0.091759612;0.8;0;605.3378514
